{"cameraMode":{"drawMode":0,"name":"Shaded","section":"Shading Mode"},"sceneLighting":true,"audioPlay":false,"sceneViewState":{"m_AlwaysRefresh":false,"showFog":true,"showSkybox":true,"showFlares":true,"showImageEffects":true,"showParticleSystems":true,"showVisualEffectGraphs":true,"m_FxEnabled":true},"in2DMode":false,"pivot":{"x":0.780564546585083,"y":5.715139865875244,"z":3.0469746589660646},"rotation":{"x":-0.16751152276992799,"y":0.0020720032043755056,"z":-0.00032520678360015154,"w":-0.9858376979827881},"size":7.9530253410339359,"orthographic":false}